{
	"kg":1,
	"lb":0.453592,
	"g":0.001,
	"stone":6.35029,
	"oz":0.0283495,
	"tonne":1000,
	"ton":1016.05
}
